группа,услуга,цена_от,комментарий,показывать
Одежда,Ремонт одежды,,,да
Одежда,Замена элементов одежды,,,да
Одежда,Установка фурнитуры,,,да
Одежда,Реставрация одежды и обуви,,,да
Обувь,Ремонт обуви,,,да
Обувь,Покраска обуви,,,да
Обувь,Растяжка обуви,,,да
Обувь,Химчистка и реставрация обуви,,,да
Сумки и чемоданы,Ремонт сумок,,,да
Сумки и чемоданы,Реставрация сумок,,,да
Сумки и чемоданы,Покраска сумок,,,да
Сумки и чемоданы,Химчистка сумок,,,да
Сумки и чемоданы,Ремонт и замена ручек сумок,,,да
Сумки и чемоданы,Ремонт чемоданов,,,да
Ключи и часы,Изготовление ключей,,,да
Ключи и часы,Ремонт часов,,,да
Мех и кожа,Ремонт меховых изделий,,,да
Мех и кожа,Ремонт кожаных портфелей,,,да
Мех и кожа,Ремонт ремней и замена пряжек,,,да
Прочее,Ремонт тентов и навесов,,,да
